owner,repo,watchers,downloads,revdep,revdep_hard,release,release_maj,release_1st,issues,bugs,features,unlabelled,prs,reaction_p1,reaction_other
tidyverse,ggplot2,4667,1466652,3000,2133,140,246,4907,136,11,20,93,17,41,1
tidyverse,dplyr,3541,1351820,2294,1825,80,161,2486,118,0,47,35,16,133,3
r-lib,devtools,2012,1598383,317,61,49,209,3425,25,0,9,16,4,12,3
topepo,caret,1255,156652,170,119,231,231,4781,113,10,0,62,6,8,1
tidyverse,rvest,1188,546137,596,508,104,1872,2177,NA,NA,NA,NA,NA,NA,NA
tidymodels,broom,1028,740505,151,94,17,120,2175,114,17,0,58,12,52,0
tidyverse,tidyverse,947,702426,104,37,351,351,1519,10,0,0,9,4,4,0
tidyverse,tidyr,940,729643,1017,785,71,170,2300,66,2,14,49,7,58,8
tidyverse,purrr,918,776119,848,758,203,649,1866,43,5,28,0,8,83,2
r-lib,httr,872,679859,756,693,108,696,3106,3,0,1,1,0,2,0
tidyverse,magrittr,804,2338473,1375,1192,2176,2176,2446,15,3,7,3,4,7,0
tidyverse,readr,788,554896,400,315,32,32,2039,61,4,53,3,4,48,0
jimhester,lintr,779,30729,86,4,261,402,2167,122,21,26,74,11,56,4
r-lib,testthat,691,810736,5298,82,6,6,4007,67,5,14,45,17,37,0
tidyverse,readxl,569,505909,154,105,604,630,2033,44,3,6,25,6,20,1
r-lib,usethis,565,1523618,84,45,50,211,1111,38,3,21,13,11,20,2
tidyverse,lubridate,513,622050,488,411,151,1104,3736,51,2,0,32,2,4,0
tidyverse,reprex,506,448686,3,1,540,540,1396,19,0,0,17,3,8,0
tidymodels,infer,506,13717,3,2,115,406,1033,15,1,0,2,0,1,0
r-lib,pkgdown,505,623671,88,1,55,60,918,25,3,16,3,3,13,1
tidyverse,glue,483,1219817,287,259,71,217,1299,19,1,7,9,1,0,0
hadley,plyr,481,437811,755,667,248,2892,4420,23,0,0,23,4,3,0
tidyverse,multidplyr,479,0,NA,NA,NA,NA,NA,NA,NA,NA,NA,NA,NA,NA
tidymodels,corrr,445,5878,3,1,229,483,1582,NA,NA,NA,NA,NA,NA,NA
r-lib,vroom,431,8091,11,7,37,84,552,NA,NA,NA,NA,NA,NA,NA
r-lib,styler,420,45724,17,4,257,269,1061,17,0,0,0,2,8,0
tidyverse,dtplyr,419,9906,20,12,288,360,1593,NA,NA,NA,NA,NA,NA,NA
r-dbi,bigrquery,418,12877,1,1,32,182,2124,29,0,2,27,2,7,0
r-lib,roxygen2,410,356115,1184,88,132,240,3394,NA,NA,NA,NA,NA,NA,NA
tidyverse,forcats,409,360358,121,81,250,250,1530,29,0,5,23,4,16,0
tidyverse,stringr,378,780514,1114,1007,635,635,4015,17,0,7,10,2,4,0
tidymodels,tidymodels,371,12317,6,0,115,264,833,6,0,0,6,0,1,0
tidyverse,modelr,370,473689,10,5,171,1528,1528,3,0,0,3,6,9,0
tidyverse,tibble,343,1315383,1042,897,25,221,1690,44,4,3,24,3,5,0
tidymodels,parsnip,334,17182,19,12,10,211,725,17,0,0,17,1,0,0
r-lib,progress,323,420844,128,106,540,876,1987,15,0,0,15,0,7,0
tidymodels,recipes,319,146957,120,76,20,1198,1198,176,0,0,132,8,48,0
tidyverse,haven,316,459000,73,50,158,166,2077,26,3,6,16,5,9,4
r-lib,actions,309,0,NA,NA,NA,NA,NA,NA,NA,NA,NA,NA,NA,NA
r-lib,R6,299,767930,327,311,9,9,2304,25,0,0,25,3,6,0
r-lib,rlang,291,1853740,963,920,29,500,1280,46,0,0,5,3,3,0
hadley,emo,288,0,NA,NA,NA,NA,NA,22,0,0,22,3,3,2
hadley,bigvis,276,0,NA,NA,NA,NA,NA,7,0,0,7,0,0,0
r-lib,covr,275,386260,1415,7,51,245,1997,12,1,7,4,2,4,0
r-dbi,odbc,265,76880,18,8,10,10,1370,61,10,12,32,5,15,0
tidyverse,dbplyr,264,310593,58,29,3,3,1246,71,0,0,71,20,10,1
r-lib,fs,260,1587994,90,70,98,98,1022,20,3,7,11,2,3,0
r-lib,scales,247,571856,2084,1524,178,354,3333,16,4,0,12,8,0,0
r-lib,cli,246,913764,131,114,25,25,1097,3,0,0,3,0,0,0
r-lib,lobstr,235,13718,4,1,492,506,733,10,0,0,10,0,1,0
r-lib,pak,234,1128,1,0,626,NA,626,NA,NA,NA,NA,NA,NA,NA
r-lib,crayon,231,725814,245,191,1147,1981,2236,10,0,0,10,1,2,0
r-lib,memoise,229,265523,81,74,1295,1295,3717,15,2,7,4,3,1,0
r-dbi,RPostgres,224,32995,16,5,39,324,1066,30,3,0,24,2,10,0
r-lib,here,218,50354,36,10,1258,1258,1258,10,0,0,10,1,3,0
tidymodels,tidypredict,214,3502,1,1,9,483,1024,NA,NA,NA,NA,NA,NA,NA
r-dbi,RSQLite,210,119123,148,78,37,304,6943,29,2,0,23,3,4,0
tidymodels,yardstick,209,15552,44,32,116,NA,1090,52,0,0,52,12,0,0
tidyverse,googlesheets4,207,8802,1,0,182,182,368,10,0,0,10,0,1,0
tidymodels,rsample,207,57390,72,48,44,NA,1217,24,0,0,22,2,12,0
hadley,strict,207,0,NA,NA,NA,NA,NA,18,0,0,18,1,3,0
r-dbi,DBI,206,368469,193,148,327,327,6897,27,0,0,12,0,10,0
r-lib,gmailr,202,598066,4,0,441,441,2295,NA,NA,NA,NA,NA,NA,NA
tidyverse,googledrive,200,12363,4,1,185,445,1166,32,0,0,19,0,10,0
r-lib,remotes,199,459236,43,18,108,108,1519,23,0,0,23,4,3,0
tidyverse,style,198,0,NA,NA,NA,NA,NA,16,0,0,16,4,3,0
hadley,reshape,193,144490,116,92,745,4871,5572,26,0,0,26,7,1,0
r-lib,vctrs,192,1511444,90,71,69,178,708,23,0,0,23,2,0,0
r-lib,zeallot,192,73077,13,9,1013,1013,1379,3,0,0,3,0,2,0
jimhester,lookup,192,0,NA,NA,NA,NA,NA,13,0,0,12,0,1,0
r-dbi,RMySQL,191,100539,24,13,237,2132,7581,47,0,0,20,1,22,0
jennybc,gapminder,190,28435,22,3,1102,1102,2061,4,0,0,4,1,2,0
lionel-,ggstance,190,20260,10,7,218,1451,1451,3,0,0,3,0,0,0
r-lib,bench,186,15281,16,1,297,301,894,9,2,3,4,0,0,1
r-lib,conflicted,183,7601,3,0,503,783,890,3,0,0,3,0,0,0
r-lib,callr,179,917676,58,30,24,29,1602,10,0,0,10,0,0,0
r-lib,xml2,177,558433,394,329,197,219,2027,20,3,0,16,2,4,0
hadley,assertthat,166,658606,247,239,596,1305,2528,15,0,0,15,0,0,0
r-lib,processx,164,842350,41,26,64,492,1256,10,0,0,10,1,0,0
r-lib,gh,142,253657,11,11,287,287,1209,19,0,0,19,4,7,0
r-lib,svglite,136,36742,29,11,122,1464,1795,8,0,0,8,0,3,0
tidymodels,TMwR,134,0,NA,NA,NA,NA,NA,NA,NA,NA,NA,NA,NA,NA
r-lib,keyring,133,4753,17,11,844,844,1154,6,0,0,6,1,0,0
r-lib,vdiffr,132,611222,440,0,31,674,1459,NA,NA,NA,NA,NA,NA,NA
r-lib,waldo,127,147305,4,1,22,116,204,NA,NA,NA,NA,NA,NA,NA
r-lib,ymlthis,122,457,3,3,276,401,401,NA,NA,NA,NA,NA,NA,NA
r-lib,ellipsis,121,985197,24,24,175,413,798,NA,NA,NA,NA,NA,NA,NA
r-lib,asciicast,119,550,NA,NA,329,329,329,NA,NA,NA,NA,NA,NA,NA
r-lib,rprojroot,116,604637,55,25,1038,1038,1686,7,0,0,7,1,0,0
r-lib,rray,116,6,NA,NA,472,472,472,NA,NA,NA,NA,NA,NA,NA
r-lib,available,115,981,1,1,476,1085,1085,NA,NA,NA,NA,NA,NA,NA
r-lib,itdepends,114,0,NA,NA,NA,NA,NA,NA,NA,NA,NA,NA,NA,NA
tidyverse,hms,113,620939,36,24,302,486,1649,7,0,0,7,4,0,0
hadley,lazyeval,113,318737,97,92,602,1608,2228,10,0,0,10,8,2,1
tidyverse,design,112,0,NA,NA,NA,NA,NA,NA,NA,NA,NA,NA,NA,NA
r-lib,debugme,111,10980,7,3,1111,1111,1466,19,0,0,15,0,4,0
jennybc,repurrrsive,111,4603,3,0,480,480,1155,7,0,0,7,0,3,0
r-lib,later,107,515684,15,12,154,154,1230,22,0,0,22,3,1,0
r-lib,withr,107,738451,165,75,45,45,NA,10,0,6,3,1,1,0
r-lib,hugodown,105,0,NA,NA,NA,NA,NA,NA,NA,NA,NA,NA,NA,NA
r-lib,pillar,102,950214,42,22,119,545,1082,24,1,0,19,5,12,0
tidymodels,textrecipes,102,704,NA,NA,120,120,690,3,0,0,3,0,0,0
hadley,babynames,102,7118,3,2,664,664,2299,NA,NA,NA,NA,NA,NA,NA
r-lib,cpp11,101,793456,7,0,1,88,119,NA,NA,NA,NA,NA,NA,NA
tidymodels,tune,100,10407,6,4,121,218,269,NA,NA,NA,NA,NA,NA,NA
hadley,purrrlyr,99,3112,5,2,188,NA,1287,1,0,0,1,0,0,0
r-lib,ragg,94,46900,9,2,32,32,480,NA,NA,NA,NA,NA,NA,NA
tidymodels,stacks,92,0,NA,NA,NA,NA,NA,NA,NA,NA,NA,NA,NA,NA
r-lib,desc,90,644927,37,31,920,920,1638,5,0,0,5,1,3,0
r-lib,tidyselect,90,1088033,154,146,178,178,1201,NA,NA,NA,NA,NA,NA,NA
r-lib,evaluate,88,680901,18,11,528,528,3758,14,0,0,14,2,1,0
r-lib,rcmdcheck,88,262946,7,5,549,779,1684,14,0,0,14,1,2,0
r-lib,prettyunits,87,634323,52,48,287,302,2216,NA,NA,NA,NA,NA,NA,NA
tidymodels,workflows,87,14615,6,5,29,52,312,NA,NA,NA,NA,NA,NA,NA
hadley,nycflights13,87,43353,37,2,417,864,2299,0,0,0,0,1,0,0
r-lib,fastmap,83,211414,3,3,395,467,467,NA,NA,NA,NA,NA,NA,NA
r-lib,gargle,83,616339,7,5,184,184,522,13,0,0,13,0,2,0
tidymodels,tidyposterior,83,1367,NA,NA,148,NA,1088,16,0,0,12,4,16,0
gaborcsardi,secret,83,646,2,0,183,183,1238,12,0,0,12,0,2,0
r-lib,gert,79,2247,2,2,23,29,506,NA,NA,NA,NA,NA,NA,NA
r-dbi,RMariaDB,78,65855,12,4,71,1061,1129,24,0,0,24,0,1,0
r-lib,sloop,76,553,NA,NA,628,738,738,NA,NA,NA,NA,NA,NA,NA
tidymodels,dials,76,11749,9,9,51,NA,816,6,0,0,6,0,0,0
r-lib,prettycode,72,3143,7,4,326,326,1379,2,0,0,2,0,0,0
tidymodels,hardhat,71,11593,6,6,127,326,326,NA,NA,NA,NA,NA,NA,NA
tidymodels,embed,70,1063,NA,NA,20,165,784,4,0,0,4,0,0,0
tidymodels,themis,70,864,NA,NA,84,298,298,NA,NA,NA,NA,NA,NA,NA
r-lib,gtable,64,469264,284,256,592,592,2985,32,0,0,32,8,0,0
tidymodels,modeldb,64,476,NA,NA,270,475,914,NA,NA,NA,NA,NA,NA,NA
tidymodels,butcher,63,751,1,1,288,455,455,NA,NA,NA,NA,NA,NA,NA
r-lib,cliapp,62,2241,1,1,30,691,691,7,0,0,7,0,0,0
r-lib,mockery,62,20636,54,3,430,1095,1473,NA,NA,NA,NA,NA,NA,NA
r-lib,roxygen2md,62,502,NA,NA,508,508,508,NA,NA,NA,NA,NA,NA,NA
tidyverse,tidyversedashboard,60,0,NA,NA,NA,NA,NA,NA,NA,NA,NA,NA,NA,NA
r-lib,zip,60,320765,33,29,71,88,1291,5,0,0,5,1,0,0
r-lib,coro,59,0,NA,NA,NA,NA,NA,NA,NA,NA,NA,NA,NA,NA
r-lib,ps,59,821290,9,4,30,30,838,10,0,0,10,0,1,0
r-lib,pkgapi,57,0,NA,NA,NA,NA,NA,9,0,0,9,1,0,0
r-lib,rappdirs,56,113127,68,64,1684,2257,2257,3,0,0,3,4,0,0
tidymodels,probably,56,413,NA,NA,154,NA,689,3,0,0,3,0,0,0
r-lib,clisymbols,55,18941,17,14,1265,1265,1978,2,0,0,2,0,1,0
r-lib,revdepcheck,54,0,NA,NA,NA,NA,NA,59,4,0,38,8,13,0
r-lib,sessioninfo,51,237232,21,8,732,773,1234,5,0,0,5,0,2,0
tidyverse,tidyeval,50,0,NA,NA,NA,NA,NA,9,0,0,9,0,0,0
r-lib,backports,49,734008,33,33,4,4,1722,3,0,0,3,0,0,0
r-lib,generics,47,577075,53,50,6,6,742,5,0,0,3,0,0,0
r-lib,lifecycle,47,1098665,81,81,245,245,463,NA,NA,NA,NA,NA,NA,NA
r-lib,systemfonts,47,92942,4,4,38,66,497,NA,NA,NA,NA,NA,NA,NA
r-lib,liteq,46,613,2,2,609,609,1379,5,0,0,5,2,1,0
r-lib,credentials,44,3052,2,2,108,108,609,NA,NA,NA,NA,NA,NA,NA
hadley,monads,43,0,NA,NA,NA,NA,NA,0,0,0,0,2,0,0
r-lib,pkgbuild,42,770113,21,13,116,116,863,6,0,0,6,1,0,0
topepo,C5.0,41,0,NA,NA,NA,NA,NA,7,0,0,7,0,0,0
tidymodels,usemodels,38,426,NA,NA,45,NA,45,NA,NA,NA,NA,NA,NA,NA
r-lib,pkgdepends,37,0,NA,NA,NA,NA,NA,41,0,0,41,0,0,0
r-lib,pkginstall,37,0,NA,NA,NA,NA,NA,9,0,0,9,0,0,0
r-lib,pkgconfig,36,643305,7,7,411,1938,1943,NA,NA,NA,NA,NA,NA,NA
r-lib,downlit,35,31073,2,2,2,42,66,NA,NA,NA,NA,NA,NA,NA
r-lib,presser,33,329,1,0,135,135,184,NA,NA,NA,NA,NA,NA,NA
r-lib,pkgload,32,764769,29,10,161,161,853,3,0,1,2,1,1,0
tidyverse,blob,31,310162,13,6,290,486,1409,2,0,0,2,0,0,0
r-lib,carrier,31,6937,3,1,752,752,752,1,0,0,1,0,0,0
r-lib,diffviewer,31,745,1,0,57,57,57,NA,NA,NA,NA,NA,NA,NA
r-lib,filelock,31,13496,5,5,763,NA,1003,4,0,0,4,0,1,0
tidymodels,applicable,29,450,NA,NA,117,NA,165,NA,NA,NA,NA,NA,NA,NA
tidyverse,tidytemplate,27,0,NA,NA,NA,NA,NA,2,0,0,2,0,0,0
r-lib,rematch2,27,375407,13,12,189,484,1235,4,0,0,4,0,0,0
r-lib,crancache,25,0,NA,NA,NA,NA,NA,7,0,0,7,0,2,0
tidymodels,learntidymodels,25,0,NA,NA,NA,NA,NA,NA,NA,NA,NA,NA,NA,NA
r-lib,brio,23,167678,4,2,67,67,225,NA,NA,NA,NA,NA,NA,NA
topepo,Cubist,23,12984,15,5,301,1074,3481,8,0,0,8,1,0,0
r-lib,pingr,22,26608,18,6,137,382,2237,6,0,0,6,0,0,0
r-lib,xopen,22,251810,1,1,781,781,781,NA,NA,NA,NA,NA,NA,NA
tidymodels,rules,22,714,NA,NA,9,9,170,NA,NA,NA,NA,NA,NA,NA
r-lib,objectable,21,0,NA,NA,NA,NA,NA,NA,NA,NA,NA,NA,NA,NA
r-lib,devoid,20,636,NA,NA,95,553,553,NA,NA,NA,NA,NA,NA,NA
tidymodels,planning,19,0,NA,NA,NA,NA,NA,NA,NA,NA,NA,NA,NA,NA
r-lib,oldie,18,0,NA,NA,NA,NA,NA,4,0,0,4,1,0,0
tidymodels,discrim,17,1007,NA,NA,9,122,392,NA,NA,NA,NA,NA,NA,NA
lionel-,fontquiver,16,24214,5,2,1375,1471,1524,1,0,0,1,0,0,0
r-lib,cleancall,15,429,NA,NA,299,536,536,NA,NA,NA,NA,NA,NA,NA
r-lib,pkgcache,15,3032,1,1,26,122,676,2,0,0,2,0,0,0
tidyverse,funs,14,0,NA,NA,NA,NA,NA,NA,NA,NA,NA,NA,NA,NA
r-lib,httrmock,14,0,NA,NA,NA,NA,NA,7,0,0,7,0,1,0
r-lib,io,14,539,1,0,325,1026,2345,1,0,0,1,0,0,0
r-dbi,DBItest,14,4722,9,0,326,326,1627,29,0,0,10,0,0,0
r-lib,whoami,13,10175,11,6,578,578,1977,NA,NA,NA,NA,NA,NA,NA
r-dbi,SQL,12,0,NA,NA,NA,NA,NA,3,0,0,3,0,0,0
tidymodels,modeldata,12,59348,21,3,15,15,336,NA,NA,NA,NA,NA,NA,NA
r-lib,cachem,11,0,NA,NA,NA,NA,NA,NA,NA,NA,NA,NA,NA,NA
r-lib,xmlparsedata,11,23581,3,3,67,1631,1631,NA,NA,NA,NA,NA,NA,NA
tidymodels,multilevelmod,10,0,NA,NA,NA,NA,NA,NA,NA,NA,NA,NA,NA,NA
r-lib,tar,8,0,NA,NA,NA,NA,NA,1,0,0,1,0,0,0
tidymodels,baguette,8,590,NA,NA,9,9,206,NA,NA,NA,NA,NA,NA,NA
topepo,AmesHousing,8,3552,6,0,136,NA,1137,NA,NA,NA,NA,NA,NA,NA
r-lib,ansistrings,7,0,NA,NA,NA,NA,NA,12,1,0,7,0,3,0
r-lib,conf,7,700,NA,NA,74,74,980,1,0,0,1,0,1,0
r-lib,governance,7,0,NA,NA,NA,NA,NA,NA,NA,NA,NA,NA,NA,NA
r-lib,tracer,7,419,NA,NA,1378,1378,1378,2,0,0,2,0,0,0
r-dbi,RKazam,7,0,NA,NA,NA,NA,NA,3,0,0,3,0,0,0
tidymodels,cloudstart,7,0,NA,NA,NA,NA,NA,NA,NA,NA,NA,NA,NA,NA
tidymodels,finetune,7,0,NA,NA,NA,NA,NA,NA,NA,NA,NA,NA,NA,NA
tidymodels,poissonreg,7,1048,NA,NA,9,9,206,NA,NA,NA,NA,NA,NA,NA
r-lib,httr2,6,0,NA,NA,NA,NA,NA,3,0,0,3,0,0,0
tidymodels,plsmod,6,608,NA,NA,9,30,206,NA,NA,NA,NA,NA,NA,NA
r-lib,showimage,5,6808,1,1,1017,1017,1017,NA,NA,NA,NA,NA,NA,NA
r-lib,textshaping,5,40684,1,1,29,50,50,NA,NA,NA,NA,NA,NA,NA
tidyverse,contributing,4,0,NA,NA,NA,NA,NA,NA,NA,NA,NA,NA,NA,NA
r-lib,osname,4,0,NA,NA,NA,NA,NA,2,0,0,2,0,0,0
r-dbi,dblog,4,0,NA,NA,NA,NA,NA,NA,NA,NA,NA,NA,NA,NA
topepo,rsample,4,57390,72,48,44,NA,1217,NA,NA,NA,NA,NA,NA,NA
r-lib,urlchecker,3,0,NA,NA,NA,NA,NA,NA,NA,NA,NA,NA,NA,NA
r-lib,codestate,2,0,NA,NA,NA,NA,NA,NA,NA,NA,NA,NA,NA,NA
r-lib,decor,2,4374,2,0,129,129,129,NA,NA,NA,NA,NA,NA,NA
r-lib,oskeyring,2,77,1,0,7,7,7,NA,NA,NA,NA,NA,NA,NA
r-lib,err,1,2042,1,1,561,561,739,4,0,0,4,0,0,0
r-lib,ghurl,1,0,NA,NA,NA,NA,NA,7,0,0,7,0,0,0
r-lib,gitcreds,1,0,NA,NA,0,0,0,NA,NA,NA,NA,NA,NA,NA
r-lib,turnstyle,0,0,NA,NA,NA,NA,NA,NA,NA,NA,NA,NA,NA,NA
r-dbi,backends,0,0,NA,NA,NA,NA,NA,NA,NA,NA,NA,NA,NA,NA
tidymodels,extratests,0,0,NA,NA,NA,NA,NA,NA,NA,NA,NA,NA,NA,NA
